contrast,SoilPortion,estimate,SE,df,t.ratio,p.value,Metric,Data,Dataset,RarefactionDepth
DEGREST - NATURAL,BS,-590.0473909269615,282.94856221495826,97.12117591269153,-2.0853521442483878,0.03965973314736982,Chao1,Raw,16S,10000
DEGREST - NATURAL,RZ,234.89669862744347,289.05573499570784,97.0306847677681,0.8126346243603554,0.41841694405739027,Chao1,Raw,16S,10000
DEGREST - NATURAL,BS,-499.6840331955148,231.35967055211924,97.09219666491917,-2.159771545330538,0.03325279856821285,Chao1,Rarefied_10000,16S,10000
DEGREST - NATURAL,RZ,190.34597971741726,236.36681193905272,97.0232373929942,0.8052990948936523,0.4226162565887792,Chao1,Rarefied_10000,16S,10000
DEGREST - NATURAL,BS,-0.39409547496984487,0.22541885134048786,97.15583401585351,-1.7482809118505198,0.08357422246621315,Shannon,Raw,16S,10000
DEGREST - NATURAL,RZ,0.07222768903744764,0.23026874633747957,97.0396864324207,0.31366692261220486,0.7544472803830553,Shannon,Raw,16S,10000
DEGREST - NATURAL,BS,-0.3601467468417557,0.2150810435356333,97.15583401585288,-1.6744699622125871,0.0972545394481389,Shannon,Rarefied_10000,16S,10000
DEGREST - NATURAL,RZ,0.05716428851156996,0.21970852021199921,97.0396864324207,0.26018239281941136,0.7952743499793341,Shannon,Rarefied_10000,16S,10000
DEGREST - NATURAL,BS,-590.0473909269615,282.94856221495826,97.12117591269153,-2.0853521442483878,0.03965973314736982,Chao1,Raw,16S,15000
DEGREST - NATURAL,RZ,234.89669862744347,289.05573499570784,97.0306847677681,0.8126346243603554,0.41841694405739027,Chao1,Raw,16S,15000
DEGREST - NATURAL,BS,-550.0557169426019,251.54343907023852,97.09551507878756,-2.1867225755349944,0.03116483238714012,Chao1,Rarefied_15000,16S,15000
DEGREST - NATURAL,RZ,187.62889864230021,256.98572030047114,97.02408660331284,0.7301141029272833,0.4670796498017281,Chao1,Rarefied_15000,16S,15000
DEGREST - NATURAL,BS,-0.39409547496984487,0.22541885134048786,97.15583401585351,-1.7482809118505198,0.08357422246621315,Shannon,Raw,16S,15000
DEGREST - NATURAL,RZ,0.07222768903744764,0.23026874633747957,97.0396864324207,0.31366692261220486,0.7544472803830553,Shannon,Raw,16S,15000
DEGREST - NATURAL,BS,-0.37208002109197885,0.21878996819974966,97.15583401585351,-1.700626514796507,0.09221203953525466,Shannon,Rarefied_15000,16S,15000
DEGREST - NATURAL,RZ,0.06517346738952023,0.22349724252864386,97.03968643242133,0.2916074786970469,0.7712092057033221,Shannon,Rarefied_15000,16S,15000
DEGREST - NATURAL,BS,-590.0473909269615,282.94856221495826,97.12117591269153,-2.0853521442483878,0.03965973314736982,Chao1,Raw,16S,20000
DEGREST - NATURAL,RZ,234.89669862744347,289.05573499570784,97.0306847677681,0.8126346243603554,0.41841694405739027,Chao1,Raw,16S,20000
DEGREST - NATURAL,BS,-553.7372030656065,258.538261693603,97.09677785703384,-2.141799822735126,0.034711571386370065,Chao1,Rarefied_20000,16S,20000
DEGREST - NATURAL,RZ,179.31042524350414,264.1312222630877,97.02441000079637,0.6788687217935263,0.4988372051762544,Chao1,Rarefied_20000,16S,20000
DEGREST - NATURAL,BS,-0.39409547496984487,0.22541885134048786,97.15583401585351,-1.7482809118505198,0.08357422246621315,Shannon,Raw,16S,20000
DEGREST - NATURAL,RZ,0.07222768903744764,0.23026874633747957,97.0396864324207,0.31366692261220486,0.7544472803830553,Shannon,Raw,16S,20000
DEGREST - NATURAL,BS,-0.3793656213731446,0.2202093930530936,97.15583401585288,-1.7227494981636757,0.08811546018470981,Shannon,Rarefied_20000,16S,20000
DEGREST - NATURAL,RZ,0.06492405179465932,0.22494720636066678,97.0396864324207,0.2886190624237583,0.7734885266380638,Shannon,Rarefied_20000,16S,20000
DEGREST - NATURAL,BS,-590.0473909269615,282.94856221495826,97.12117591269153,-2.0853521442483878,0.03965973314736982,Chao1,Raw,16S,25000
DEGREST - NATURAL,RZ,234.89669862744347,289.05573499570784,97.0306847677681,0.8126346243603554,0.41841694405739027,Chao1,Raw,16S,25000
DEGREST - NATURAL,BS,-574.8135272153413,266.2650977712845,95.14110389941429,-2.1588016305054474,0.0333811503753211,Chao1,Rarefied_25000,16S,25000
DEGREST - NATURAL,RZ,245.76815328502278,272.58953546827024,95.00011260389593,0.901605239037617,0.36954675971973827,Chao1,Rarefied_25000,16S,25000
DEGREST - NATURAL,BS,-0.39409547496984487,0.22541885134048786,97.15583401585351,-1.7482809118505198,0.08357422246621315,Shannon,Raw,16S,25000
DEGREST - NATURAL,RZ,0.07222768903744764,0.23026874633747957,97.0396864324207,0.31366692261220486,0.7544472803830553,Shannon,Raw,16S,25000
DEGREST - NATURAL,BS,-0.3920341057476779,0.2237734315554309,95.197117075613,-1.7519242701096407,0.08300708694085715,Shannon,Rarefied_25000,16S,25000
DEGREST - NATURAL,RZ,0.08049662065837032,0.22905405275460336,95.00022536125428,0.3514306762544395,0.7260435115758317,Shannon,Rarefied_25000,16S,25000
DEGREST - NATURAL,BS,-590.0473909269615,282.94856221495826,97.12117591269153,-2.0853521442483878,0.03965973314736982,Chao1,Raw,16S,30000
DEGREST - NATURAL,RZ,234.89669862744347,289.05573499570784,97.0306847677681,0.8126346243603554,0.41841694405739027,Chao1,Raw,16S,30000
DEGREST - NATURAL,BS,-562.6489147672659,272.2448176189529,94.18840978548747,-2.0667020209537164,0.04150665901320827,Chao1,Rarefied_30000,16S,30000
DEGREST - NATURAL,RZ,249.67052048803487,277.7578182482874,94.00009473174876,0.8988784620451429,0.37101420492856785,Chao1,Rarefied_30000,16S,30000
DEGREST - NATURAL,BS,-0.39409547496984487,0.22541885134048786,97.15583401585351,-1.7482809118505198,0.08357422246621315,Shannon,Raw,16S,30000
DEGREST - NATURAL,RZ,0.07222768903744764,0.23026874633747957,97.0396864324207,0.31366692261220486,0.7544472803830553,Shannon,Raw,16S,30000
DEGREST - NATURAL,BS,-0.39864264364682817,0.22666875030179126,94.28232991390333,-1.7587013786243912,0.0818728839785095,Shannon,Rarefied_30000,16S,30000
DEGREST - NATURAL,RZ,0.08023325600128572,0.23119814675520098,94.00022035255806,0.34703243571514836,0.7293426842038779,Shannon,Rarefied_30000,16S,30000
DEGREST - NATURAL,BS,-590.0473909269615,282.94856221495826,97.12117591269153,-2.0853521442483878,0.03965973314736982,Chao1,Raw,16S,40000
DEGREST - NATURAL,RZ,234.89669862744347,289.05573499570784,97.0306847677681,0.8126346243603554,0.41841694405739027,Chao1,Raw,16S,40000
DEGREST - NATURAL,BS,-477.15140752251415,282.4255090186751,87.10821153746362,-1.6894770206148872,0.09470439006630084,Chao1,Rarefied_40000,16S,40000
DEGREST - NATURAL,RZ,118.48553440587312,300.4283009332594,87.10871892761142,0.39438872449035645,0.6942579788301875,Chao1,Rarefied_40000,16S,40000
DEGREST - NATURAL,BS,-0.39409547496984487,0.22541885134048786,97.15583401585351,-1.7482809118505198,0.08357422246621315,Shannon,Raw,16S,40000
DEGREST - NATURAL,RZ,0.07222768903744764,0.23026874633747957,97.0396864324207,0.31366692261220486,0.7544472803830553,Shannon,Raw,16S,40000
DEGREST - NATURAL,BS,-0.36744153401410146,0.23246763243533736,87.1466990905378,-1.580613740350748,0.1175892803986778,Shannon,Rarefied_40000,16S,40000
DEGREST - NATURAL,RZ,-0.052180698999062136,0.2472875998065022,87.14794806059423,-0.21101219406024618,0.833370394915099,Shannon,Rarefied_40000,16S,40000
DEGREST - NATURAL,BS,-590.0473909269615,282.94856221495826,97.12117591269153,-2.0853521442483878,0.03965973314736982,Chao1,Raw,16S,50000
DEGREST - NATURAL,RZ,234.89669862744347,289.05573499570784,97.0306847677681,0.8126346243603554,0.41841694405739027,Chao1,Raw,16S,50000
DEGREST - NATURAL,BS,-422.03747185393877,287.5960112377452,79.10377800782265,-1.4674663603211648,0.14621410274696178,Chao1,Rarefied_50000,16S,50000
DEGREST - NATURAL,RZ,293.73212282344343,309.0263101222815,79.34282556356374,0.9505084622316263,0.3447403969233571,Chao1,Rarefied_50000,16S,50000
DEGREST - NATURAL,BS,-0.39409547496984487,0.22541885134048786,97.15583401585351,-1.7482809118505198,0.08357422246621315,Shannon,Raw,16S,50000
DEGREST - NATURAL,RZ,0.07222768903744764,0.23026874633747957,97.0396864324207,0.31366692261220486,0.7544472803830553,Shannon,Raw,16S,50000
DEGREST - NATURAL,BS,-0.396574397023742,0.24510210375153388,79.1843176773175,-1.6179967081219317,0.10964009591752213,Shannon,Rarefied_50000,16S,50000
DEGREST - NATURAL,RZ,-0.010359940519018063,0.26355971134275646,79.59720861404116,-0.039307754839452966,0.9687434480458316,Shannon,Rarefied_50000,16S,50000
