EcologicalStatus,SoilPortion,emmean,SE,df,lower.CL,upper.CL,Metric,Data,Dataset,RarefactionDepth
DEGREST,BS,243.07258064516117,38.15757821699767,10.713130209545216,158.81312315389263,327.3320381364297,Chao1,Raw,ITS,10000
NATURAL,BS,388.5333333333333,52.07642805749687,41.73669453783393,283.41920056569927,493.64746610096734,Chao1,Raw,ITS,10000
DEGREST,RZ,401.93269230769226,39.59358396105566,18.863531419588533,319.0217723331101,484.8436122822744,Chao1,Raw,ITS,10000
NATURAL,RZ,260.4,52.07642805749685,41.73669453783393,155.285867232366,365.51413276763395,Chao1,Raw,ITS,10000
DEGREST,BS,258.11703014673805,34.656958188024944,9.934261178418595,180.82719406051132,335.4068662329648,Chao1,Rarefied_10000,ITS,10000
NATURAL,BS,359.03539716247815,42.57931461761761,37.9988611044155,272.8379963062798,445.2327980186765,Chao1,Rarefied_10000,ITS,10000
DEGREST,RZ,357.24975211778917,32.37543726110083,16.805191265056372,288.8831827561019,425.6163214794764,Chao1,Rarefied_10000,ITS,10000
NATURAL,RZ,239.91508850798328,42.5793146176176,37.99886110441558,153.717687651785,326.11248936418156,Chao1,Rarefied_10000,ITS,10000
DEGREST,BS,3.3728489989079278,0.19399633562608068,5.468395806288982,2.8867433665876443,3.8589546312282113,Shannon,Raw,ITS,10000
NATURAL,BS,3.664176885587397,0.24453958535633707,14.454656564557869,3.1412351256246582,4.187118645550136,Shannon,Raw,ITS,10000
DEGREST,RZ,3.8907238268213575,0.20016156377787758,6.863160193947133,3.415497165502892,4.3659504881398234,Shannon,Raw,ITS,10000
NATURAL,RZ,3.431438581405236,0.24453958535633694,14.454656564557876,2.9084968214424975,3.9543803413679743,Shannon,Raw,ITS,10000
DEGREST,BS,3.554492729448382,0.23853850365461607,4.171558541151243,2.902808394894635,4.206177064002128,Shannon,Rarefied_10000,ITS,10000
NATURAL,BS,3.64520107822781,0.27019229854106763,7.277260085192497,3.0111993982460388,4.279202758209582,Shannon,Rarefied_10000,ITS,10000
DEGREST,RZ,3.8698763247013814,0.23370773169481965,4.141120898716098,3.2296279765203932,4.51012467288237,Shannon,Rarefied_10000,ITS,10000
NATURAL,RZ,3.419143591273244,0.2701922985410677,7.277260085192501,2.785141911291473,4.053145271255016,Shannon,Rarefied_10000,ITS,10000
DEGREST,BS,243.07258064516117,38.15757821699767,10.713130209545216,158.81312315389263,327.3320381364297,Chao1,Raw,ITS,15000
NATURAL,BS,388.5333333333333,52.07642805749687,41.73669453783393,283.41920056569927,493.64746610096734,Chao1,Raw,ITS,15000
DEGREST,RZ,401.93269230769226,39.59358396105566,18.863531419588533,319.0217723331101,484.8436122822744,Chao1,Raw,ITS,15000
NATURAL,RZ,260.4,52.07642805749685,41.73669453783393,155.285867232366,365.51413276763395,Chao1,Raw,ITS,15000
DEGREST,BS,272.8930327787689,37.80119939042784,10.924492216637931,189.62293919206127,356.1631263654765,Chao1,Rarefied_15000,ITS,15000
NATURAL,BS,371.5678579072331,46.05627774394426,37.524979628183004,278.2930234442971,464.84269237016906,Chao1,Rarefied_15000,ITS,15000
DEGREST,RZ,375.9299735529686,35.01929326322275,16.58539311241084,301.90477619217427,449.9551709137629,Chao1,Rarefied_15000,ITS,15000
NATURAL,RZ,247.4588089546988,46.05627774394422,37.52497962818309,154.1839744917629,340.7336434176347,Chao1,Rarefied_15000,ITS,15000
DEGREST,BS,3.3728489989079278,0.19399633562608068,5.468395806288982,2.8867433665876443,3.8589546312282113,Shannon,Raw,ITS,15000
NATURAL,BS,3.664176885587397,0.24453958535633707,14.454656564557869,3.1412351256246582,4.187118645550136,Shannon,Raw,ITS,15000
DEGREST,RZ,3.8907238268213575,0.20016156377787758,6.863160193947133,3.415497165502892,4.3659504881398234,Shannon,Raw,ITS,15000
NATURAL,RZ,3.431438581405236,0.24453958535633694,14.454656564557876,2.9084968214424975,3.9543803413679743,Shannon,Raw,ITS,15000
DEGREST,BS,3.575769684152528,0.23988710178409733,4.3121534456594235,2.9283266447875675,4.223212723517489,Shannon,Rarefied_15000,ITS,15000
NATURAL,BS,3.6552156578975477,0.2702993666181111,7.3345671455905705,3.0219222826039043,4.288509033191191,Shannon,Rarefied_15000,ITS,15000
DEGREST,RZ,3.8826721188369784,0.23357000806985012,4.159455568881322,3.2438656032930675,4.521478634380889,Shannon,Rarefied_15000,ITS,15000
NATURAL,RZ,3.424491924327759,0.27029936661811105,7.3345671455905705,2.7911985490341156,4.057785299621402,Shannon,Rarefied_15000,ITS,15000
DEGREST,BS,243.07258064516117,38.15757821699767,10.713130209545216,158.81312315389263,327.3320381364297,Chao1,Raw,ITS,20000
NATURAL,BS,388.5333333333333,52.07642805749687,41.73669453783393,283.41920056569927,493.64746610096734,Chao1,Raw,ITS,20000
DEGREST,RZ,401.93269230769226,39.59358396105566,18.863531419588533,319.0217723331101,484.8436122822744,Chao1,Raw,ITS,20000
NATURAL,RZ,260.4,52.07642805749685,41.73669453783393,155.285867232366,365.51413276763395,Chao1,Raw,ITS,20000
DEGREST,BS,308.6256979203626,38.70267949039346,12.350815285781332,224.5646900268352,392.68670581389,Chao1,Rarefied_20000,ITS,20000
NATURAL,BS,379.9062942164743,44.20872602537359,35.326731270230226,290.1874721791695,469.6251162537791,Chao1,Rarefied_20000,ITS,20000
DEGREST,RZ,375.5378176052235,33.615798471583005,15.441647044620472,304.0655127692679,447.0101224411791,Chao1,Rarefied_20000,ITS,20000
NATURAL,RZ,251.64114806960868,44.20872602537361,35.3267312702303,161.92232603230383,341.3599701069135,Chao1,Rarefied_20000,ITS,20000
DEGREST,BS,3.3728489989079278,0.19399633562608068,5.468395806288982,2.8867433665876443,3.8589546312282113,Shannon,Raw,ITS,20000
NATURAL,BS,3.664176885587397,0.24453958535633707,14.454656564557869,3.1412351256246582,4.187118645550136,Shannon,Raw,ITS,20000
DEGREST,RZ,3.8907238268213575,0.20016156377787758,6.863160193947133,3.415497165502892,4.3659504881398234,Shannon,Raw,ITS,20000
NATURAL,RZ,3.431438581405236,0.24453958535633694,14.454656564557876,2.9084968214424975,3.9543803413679743,Shannon,Raw,ITS,20000
DEGREST,BS,3.671044951636142,0.2419768088628859,4.956768285164193,3.0473884633931307,4.294701439879153,Shannon,Rarefied_20000,ITS,20000
NATURAL,BS,3.6588193256219923,0.26560870779417833,7.66168287263053,3.0415847448561752,4.276053906387809,Shannon,Rarefied_20000,ITS,20000
DEGREST,RZ,3.8777796026023976,0.22824360528466045,4.259987164400591,3.259038880174939,4.496520325029856,Shannon,Rarefied_20000,ITS,20000
NATURAL,RZ,3.4310774895251157,0.2656087077941784,7.661682872630521,2.8138429087592987,4.048312070290933,Shannon,Rarefied_20000,ITS,20000
DEGREST,BS,243.07258064516117,38.15757821699767,10.713130209545216,158.81312315389263,327.3320381364297,Chao1,Raw,ITS,25000
NATURAL,BS,388.5333333333333,52.07642805749687,41.73669453783393,283.41920056569927,493.64746610096734,Chao1,Raw,ITS,25000
DEGREST,RZ,401.93269230769226,39.59358396105566,18.863531419588533,319.0217723331101,484.8436122822744,Chao1,Raw,ITS,25000
NATURAL,RZ,260.4,52.07642805749685,41.73669453783393,155.285867232366,365.51413276763395,Chao1,Raw,ITS,25000
DEGREST,BS,311.59629816802783,40.34239860746307,12.044782663774049,223.73399484787475,399.4586014881809,Chao1,Rarefied_25000,ITS,25000
NATURAL,BS,379.141294803733,45.987264111162666,34.598871260162156,285.7434780961368,472.53911151132917,Chao1,Rarefied_25000,ITS,25000
DEGREST,RZ,396.8522979781585,35.656774762997166,16.10880238860601,321.3047843214752,472.3998116348418,Chao1,Rarefied_25000,ITS,25000
NATURAL,RZ,253.9169732561345,45.987264111162666,34.59887126016223,160.51915654853832,347.3147899637307,Chao1,Rarefied_25000,ITS,25000
DEGREST,BS,3.3728489989079278,0.19399633562608068,5.468395806288982,2.8867433665876443,3.8589546312282113,Shannon,Raw,ITS,25000
NATURAL,BS,3.664176885587397,0.24453958535633707,14.454656564557869,3.1412351256246582,4.187118645550136,Shannon,Raw,ITS,25000
DEGREST,RZ,3.8907238268213575,0.20016156377787758,6.863160193947133,3.415497165502892,4.3659504881398234,Shannon,Raw,ITS,25000
NATURAL,RZ,3.431438581405236,0.24453958535633694,14.454656564557876,2.9084968214424975,3.9543803413679743,Shannon,Raw,ITS,25000
DEGREST,BS,3.673990464757062,0.23798264985326317,5.143100103838644,3.067320917323339,4.2806600121907845,Shannon,Rarefied_25000,ITS,25000
NATURAL,BS,3.655829750496725,0.2620001926665314,8.106150824151168,3.0530305956787736,4.258628905314676,Shannon,Rarefied_25000,ITS,25000
DEGREST,RZ,3.910699327778972,0.22607927143351286,4.590103615413656,3.3135821711970768,4.507816484360868,Shannon,Rarefied_25000,ITS,25000
NATURAL,RZ,3.424713052122163,0.26200019266653135,8.10615082415116,2.8219138973042117,4.027512206940115,Shannon,Rarefied_25000,ITS,25000
DEGREST,BS,243.07258064516117,38.15757821699767,10.713130209545216,158.81312315389263,327.3320381364297,Chao1,Raw,ITS,30000
NATURAL,BS,388.5333333333333,52.07642805749687,41.73669453783393,283.41920056569927,493.64746610096734,Chao1,Raw,ITS,30000
DEGREST,RZ,401.93269230769226,39.59358396105566,18.863531419588533,319.0217723331101,484.8436122822744,Chao1,Raw,ITS,30000
NATURAL,RZ,260.4,52.07642805749685,41.73669453783393,155.285867232366,365.51413276763395,Chao1,Raw,ITS,30000
DEGREST,BS,313.53286834816043,40.03056061588415,12.044782663774116,226.34972157666598,400.7160151196549,Chao1,Rarefied_30000,ITS,30000
NATURAL,BS,382.5998195534805,45.63179253352616,34.598871260162085,289.92394771245864,475.2756913945023,Chao1,Rarefied_30000,ITS,30000
DEGREST,RZ,397.05907388366853,35.38115562749493,16.10880238860605,322.09552612243715,472.0226216448999,Chao1,Rarefied_30000,ITS,30000
NATURAL,RZ,254.6457380952381,45.631792533526166,34.598871260162085,161.96986625421624,347.32160993625996,Chao1,Rarefied_30000,ITS,30000
DEGREST,BS,3.3728489989079278,0.19399633562608068,5.468395806288982,2.8867433665876443,3.8589546312282113,Shannon,Raw,ITS,30000
NATURAL,BS,3.664176885587397,0.24453958535633707,14.454656564557869,3.1412351256246582,4.187118645550136,Shannon,Raw,ITS,30000
DEGREST,RZ,3.8907238268213575,0.20016156377787758,6.863160193947133,3.415497165502892,4.3659504881398234,Shannon,Raw,ITS,30000
NATURAL,RZ,3.431438581405236,0.24453958535633694,14.454656564557876,2.9084968214424975,3.9543803413679743,Shannon,Raw,ITS,30000
DEGREST,BS,3.676580330659466,0.23812419599699333,5.1726313747800114,3.0705563827183684,4.282604278600564,Shannon,Rarefied_30000,ITS,30000
NATURAL,BS,3.6581371204488873,0.262259272313517,8.173881089771932,3.05559820540728,4.260676035490494,Shannon,Rarefied_30000,ITS,30000
DEGREST,RZ,3.9110950985106747,0.22613933592797733,4.616771616323903,3.3149677123749854,4.507222484646364,Shannon,Rarefied_30000,ITS,30000
NATURAL,RZ,3.426494754729848,0.26225927231351703,8.173881089771932,2.8239558396882405,4.029033669771455,Shannon,Rarefied_30000,ITS,30000
DEGREST,BS,243.07258064516117,38.15757821699767,10.713130209545216,158.81312315389263,327.3320381364297,Chao1,Raw,ITS,40000
NATURAL,BS,388.5333333333333,52.07642805749687,41.73669453783393,283.41920056569927,493.64746610096734,Chao1,Raw,ITS,40000
DEGREST,RZ,401.93269230769226,39.59358396105566,18.863531419588533,319.0217723331101,484.8436122822744,Chao1,Raw,ITS,40000
NATURAL,RZ,260.4,52.07642805749685,41.73669453783393,155.285867232366,365.51413276763395,Chao1,Raw,ITS,40000
DEGREST,BS,312.0620882097499,41.08726949892099,12.447234260571582,222.89606496537047,401.22811145412936,Chao1,Rarefied_40000,ITS,40000
NATURAL,BS,385.00318668667495,46.18399745437213,31.892147976611128,290.91698379916073,479.08938957418917,Chao1,Rarefied_40000,ITS,40000
DEGREST,RZ,425.8351070145978,37.46966468673063,16.55768688699996,346.61984871822267,505.0503653109729,Chao1,Rarefied_40000,ITS,40000
NATURAL,RZ,242.22352467261896,47.903595471703156,34.2766764128564,144.9006421201564,339.54640722508157,Chao1,Rarefied_40000,ITS,40000
DEGREST,BS,3.3728489989079278,0.19399633562608068,5.468395806288982,2.8867433665876443,3.8589546312282113,Shannon,Raw,ITS,40000
NATURAL,BS,3.664176885587397,0.24453958535633707,14.454656564557869,3.1412351256246582,4.187118645550136,Shannon,Raw,ITS,40000
DEGREST,RZ,3.8907238268213575,0.20016156377787758,6.863160193947133,3.415497165502892,4.3659504881398234,Shannon,Raw,ITS,40000
NATURAL,RZ,3.431438581405236,0.24453958535633694,14.454656564557876,2.9084968214424975,3.9543803413679743,Shannon,Raw,ITS,40000
DEGREST,BS,3.638061214952572,0.23814333426302384,5.382219451406206,3.0387417803770553,4.237380649528089,Shannon,Rarefied_40000,ITS,40000
NATURAL,BS,3.660414601997245,0.2602550688352972,8.232604157642342,3.063204094431934,4.257625109562556,Shannon,Rarefied_40000,ITS,40000
DEGREST,RZ,3.972161382497518,0.22918831625796224,5.03162994285305,3.384126250840099,4.560196514154937,Shannon,Rarefied_40000,ITS,40000
NATURAL,RZ,3.372572605391135,0.26649663902728543,8.967037627297199,2.76937734723427,3.9757678635479996,Shannon,Rarefied_40000,ITS,40000
DEGREST,BS,243.07258064516117,38.15757821699767,10.713130209545216,158.81312315389263,327.3320381364297,Chao1,Raw,ITS,50000
NATURAL,BS,388.5333333333333,52.07642805749687,41.73669453783393,283.41920056569927,493.64746610096734,Chao1,Raw,ITS,50000
DEGREST,RZ,401.93269230769226,39.59358396105566,18.863531419588533,319.0217723331101,484.8436122822744,Chao1,Raw,ITS,50000
NATURAL,RZ,260.4,52.07642805749685,41.73669453783393,155.285867232366,365.51413276763395,Chao1,Raw,ITS,50000
DEGREST,BS,350.66417293964764,43.60987237096653,14.289854304282649,257.3079779460351,444.02036793326016,Chao1,Rarefied_50000,ITS,50000
NATURAL,BS,383.9297346775608,44.578181368090895,26.15946859119175,292.32514930833213,475.5343200467895,Chao1,Rarefied_50000,ITS,50000
DEGREST,RZ,482.2315492053445,40.694125846433124,20.192940559585672,397.3970561528673,567.0660422578217,Chao1,Rarefied_50000,ITS,50000
NATURAL,RZ,244.64514533085958,46.249407989187205,28.224006152540436,149.94139075718215,339.348899904537,Chao1,Rarefied_50000,ITS,50000
DEGREST,BS,3.3728489989079278,0.19399633562608068,5.468395806288982,2.8867433665876443,3.8589546312282113,Shannon,Raw,ITS,50000
NATURAL,BS,3.664176885587397,0.24453958535633707,14.454656564557869,3.1412351256246582,4.187118645550136,Shannon,Raw,ITS,50000
DEGREST,RZ,3.8907238268213575,0.20016156377787758,6.863160193947133,3.415497165502892,4.3659504881398234,Shannon,Raw,ITS,50000
NATURAL,RZ,3.431438581405236,0.24453958535633694,14.454656564557876,2.9084968214424975,3.9543803413679743,Shannon,Raw,ITS,50000
DEGREST,BS,3.666235404739109,0.24910139385921404,7.408498259618101,3.0837247092881293,4.248746100190089,Shannon,Rarefied_50000,ITS,50000
NATURAL,BS,3.6612253761189075,0.2574494358810309,9.518167586944688,3.0836316630943634,4.238819089143451,Shannon,Rarefied_50000,ITS,50000
DEGREST,RZ,3.9767908643399643,0.24133987352171457,7.4946735759621035,3.413660410258213,4.539921318421716,Shannon,Rarefied_50000,ITS,50000
NATURAL,RZ,3.37587657291221,0.2643714751474774,10.421531395401843,2.7900339109782,3.96171923484622,Shannon,Rarefied_50000,ITS,50000
